artist_name,track_name,album_name,release_date,release_year,is_album_track,explicit,is_feature,popularity,track_id,duration_ms,danceability,energy,valence,tempo,loudness,speechiness,acousticness,instrumentalness,liveness,duration_min
Rapper Big Pooh,"Nothing Less (feat. Ab Soul, Jay Rock & Kendrick Lamar)",Delightful Bars: Apple Turnover Version,2009-03-24,2009,FALSE,TRUE,TRUE,0,56emeztyiUrCqYmTV1u6KC,285413,645,803,436,88.625,-6.058,466,579,0.0,199,4.756.883.333.333.330
Tae Beast,El Campo Freestyle (feat. Kendrick Lamar),Tae Beast Tape 1,2010-07-01,2010,FALSE,TRUE,TRUE,1,1FnWyVYWz8K7zuLvmpUET6,157962,604,947,884,80.342,-3.269,0.3,427,0.0,195,2.6327
Jay Rock,Jay Rock feat. Kendrick Lamar & Major James,From Hood Tales to the Cover of XXL,2010-07-20,2010,FALSE,TRUE,TRUE,0,26eqFi54f9O7LJytvbRkje,191893,627,647,674,88.028,-10.611,253,513,0.0,0.18,31.982.166.666.666.600
Kendrick Lamar,Growing Apart (To Get Closer),Overly Dedicated,2010-09-14,2010,TRUE,TRUE,FALSE,48,2AyFYSaJjz9XMc0kMr1R3a,220995,586,533,0.59,106.835,-9.943,366,368,0.0,175,368.325
Kendrick Lamar,Ignorance Is Bliss,Overly Dedicated,2010-09-14,2010,TRUE,TRUE,FALSE,51,53mCo1wDJ12iZNq9LgIeg2,210494,644,801,764,82.156,-4.55,387,511,8.59e-06,614,35.082.333.333.333.300
Kendrick Lamar,P&P 1.5,Overly Dedicated,2010-09-14,2010,TRUE,TRUE,FALSE,51,6TRVvpoVFwyYyIGTFh0Y7P,361942,0.55,692,593,146.453,-7.438,369,299,6.57e-06,198,6.032.366.666.666.660
Kendrick Lamar,Alien Girl (Today W/ Her),Overly Dedicated,2010-09-14,2010,TRUE,TRUE,FALSE,49,6ff9CLXYk39PKFYoYCYeog,239973,626,537,259,95.948,-7.344,367,502,835,111,399.955
Kendrick Lamar,Opposites Attract (Tomorrow W/O Her),Overly Dedicated,2010-09-14,2010,TRUE,TRUE,FALSE,50,1S6NpdvFXqHZfPUUEOIjtG,271909,608,814,587,192.157,-5.908,435,657,5.86e-06,256,4.531.816.666.666.660
Kendrick Lamar,Michael Jordan,Overly Dedicated,2010-09-14,2010,TRUE,TRUE,FALSE,44,1oH44ACGSLbJGcbw2JLQOt,350698,713,803,522,153.987,-5.311,287,759,0.0,129,5.844.966.666.666.660
Kendrick Lamar,R.O.T.C (Interlude),Overly Dedicated,2010-09-14,2010,TRUE,TRUE,FALSE,43,1DCLOAT1E5NDZDupAE95ka,163105,645,779,368,98.405,-7.265,316,324,0.0,0.65,27.184.166.666.666.600
Kendrick Lamar,Barbed Wire,Overly Dedicated,2010-09-14,2010,TRUE,TRUE,FALSE,50,7M2cKcvCnflzp9WcxGjlbm,265678,613,843,325,102.968,-8.343,186,152,0.0,917,4.427.966.666.666.660
Kendrick Lamar,Average Joe,Overly Dedicated,2010-09-14,2010,TRUE,TRUE,FALSE,46,3r4S1J4YCkx2fuqH2eL9fz,256048,0.74,733,218,91.603,-3.343,248,243,0.0,184,42.674.666.666.666.600
Kendrick Lamar,H.O.C,Overly Dedicated,2010-09-14,2010,TRUE,TRUE,FALSE,45,0bP9mtOuBLMQ7L0DP2wPwj,316975,613,591,371,77.124,-8.58,391,105,0.0,191,5.282.916.666.666.660
Kendrick Lamar,Cut You Off (To Grow Closer),Overly Dedicated,2010-09-14,2010,TRUE,TRUE,FALSE,46,3LkG1iJmtgmCsKof2QMme6,364103,685,681,614,82.982,-7.176,481,77,0.0,129,6.068.383.333.333.330
Kendrick Lamar,She Needs Me (Remix),Overly Dedicated,2010-09-14,2010,TRUE,TRUE,FALSE,52,6D5GoogBIBMUBlQ1CYTkOH,195790,606,835,313,100.145,-6.107,265,417,1.11e-06,103,32.631.666.666.666.600
Jay Rock,Colors (feat. Kendrick Lamar),We Run L.A.,2010-10-05,2010,FALSE,TRUE,TRUE,18,5xhZ7WG9wGpzSVBAoRghqN,198582,556,814,303,158.419,-6.057,447,387,0.0,0.3,3.3097
AWOLNATION,Sail - Tde Remix (feat. Kendrick Lamar & Ab Soul),Megalithic Symphony Deluxe,2011-01-01,2011,FALSE,FALSE,TRUE,0,62DDZO6qytqQj7VCTwosOF,240779,609,669,488,89.99,-7.157,72,238,1.5e-05,897,4.012.983.333.333.330
The Game,The City (feat. Kendrick Lamar),The R.E.D. Album,2011-01-01,2011,FALSE,TRUE,TRUE,42,6m49tZii9UUttOgDozxjI1,341453,574,787,302,144.474,-4.147,398,176,0.0,918,5.690.883.333.333.330
Black Hippy,Rolling Stone (feat. Kendrick Lamar),Setbacks,2011-01-11,2011,FALSE,TRUE,TRUE,42,7x9vJE3Xa7mIH106rzO9Tk,216569,916,472,229,117.066,-12.263,712,188,0.0,167,36.094.833.333.333.300
ScHoolboy Q,Birds & The Beez (feat. Kendrick Lamar),Setbacks,2011-01-11,2011,FALSE,TRUE,TRUE,46,6TLSA1Tmw8RQxvAioq6je6,260026,554,619,281,95.919,-10.628,269,0.12,0.0,341,43.337.666.666.666.600
ScHoolboy Q,LigHt Years AHead (Sky HigH) (feat. Kendrick Lamar),Setbacks,2011-01-11,2011,FALSE,TRUE,TRUE,34,1hjOus1mOUJ5lObEg2I077,251783,767,631,0.77,163.024,-9.03,105,602,618,673,4.196.383.333.333.330
Rapper Big Pooh,RapperPooh-a-lude (feat. Kendrick Lamar),FatBoyFresh Vol. 1: For Members Only,2011-04-05,2011,FALSE,TRUE,TRUE,19,6ElQRz1lyOxDnrKFa61QV0,255895,742,544,204,91.042,-10.727,539,673,0.0,764,4.264.916.666.666.660
Black Hippy,Constipation (feat. Kendrick Lamar),Longterm Mentality,2011-04-05,2011,FALSE,TRUE,TRUE,27,6vul391xSdDR66GL0B5I3Y,206937,0.7,884,639,110.066,-5.764,242,0.17,8.2e-06,199,344.895
Ab-Soul,Moscato (feat. Kendrick Lamar),Longterm Mentality,2011-04-05,2011,FALSE,TRUE,TRUE,34,6r7TooNgUM1qpUWkzMA0fU,279742,773,644,582,124.483,-8.782,133,245,0.0,344,4.662.366.666.666.660
Ab-Soul,Hell Yeah (feat. Kendrick Lamar),Longterm Mentality,2011-04-05,2011,FALSE,TRUE,TRUE,21,7c96ddcW9lnRf2BOcmNUEA,256992,555,0.69,305,149.874,-7.987,155,477,0.0,445,4.2832
Smoke DZA,How Far We Go (Uptown 81) (feat. Kendrick Lamar),The Hustler's Catalog,2011-04-10,2011,FALSE,TRUE,TRUE,0,2Hqa8dOzF4vNQBj6z10HQl,208120,531,974,529,82.892,-3.863,428,227,0.0,722,34.686.666.666.666.600
Tech N9ne,I Love Music (feat. Kendrick Lamar),All 6's And 7's,2011-06-07,2011,FALSE,TRUE,TRUE,26,6YCjFXmg82VWvvZOinpaxI,226813,652,874,848,91.639,-3.504,332,217,0.0,273,37.802.166.666.666.600
The Game,The cypha (feat. Kendrick Lamar),Face of L.A.,2011-06-18,2011,FALSE,FALSE,TRUE,11,1ruBhCfqjvnE5CaJggzlsh,529293,564,638,749,86.78,-9.969,423,203,0.0,706,882.155
Kendrick Lamar,F*ck Your Ethnicity,Section.80,2011-07-02,2011,TRUE,TRUE,FALSE,54,1gXH8hT9dxsBqbRy7h2iC8,224671,601,883,0.52,150.967,-6.944,328,392,1.93e-05,397,37.445.166.666.666.600
Kendrick Lamar,Hol' Up,Section.80,2011-07-02,2011,TRUE,TRUE,FALSE,62,6cfVDaIdvDtYH91RqC6Wox,173158,607,869,577,155.983,-5.271,345,781,0.0,137,28.859.666.666.666.600
Kendrick Lamar,A.D.H.D,Section.80,2011-07-02,2011,TRUE,TRUE,FALSE,71,2Fw5S2gaOSZzdN5dFoC2dj,215509,609,799,582,157.74,-6.883,0.24,0.33,0.0,108,3.591.816.666.666.660
Kendrick Lamar,No Make-Up (Her Vice) (feat. Colin Munroe),Section.80,2011-07-02,2011,TRUE,TRUE,FALSE,48,3L2YOO6dDiB91M1AbQ0CCR,235921,535,696,213,91.002,-7.181,901,541,521,0.63,39.320.166.666.666.600
Kendrick Lamar,Tammy's Song (Her Evils),Section.80,2011-07-02,2011,TRUE,TRUE,FALSE,50,22gXA7HlEd0z13zdc3hju7,161670,477,835,0.52,97.317,-5.942,438,924,508,129,2.6945
Kendrick Lamar,Chapter Six,Section.80,2011-07-02,2011,TRUE,TRUE,FALSE,63,3DBFOXJKitLKUjlyOCX7ow,161137,0.51,537,0.67,67.9,-11.297,823,533,0.0,185,26.856.166.666.666.600
Kendrick Lamar,Ronald Reagan Era,Section.80,2011-07-02,2011,TRUE,TRUE,FALSE,54,71d1KcqByBe8cl0NhFUKVU,216899,424,828,0.3,167.469,-4.991,335,152,0.0,389,36.149.833.333.333.300
Kendrick Lamar,Poe Mans Dreams (His Vice) (feat. GLC),Section.80,2011-07-02,2011,TRUE,TRUE,FALSE,56,5eOmhymcp3AisKPVAytrs6,261874,736,892,597,88.124,-5.217,0.28,619,1.14e-06,111,4.364.566.666.666.660
Kendrick Lamar,Chapter Ten,Section.80,2011-07-02,2011,TRUE,TRUE,FALSE,46,63OYaVrz3LIarx3l2DxCKD,75535,515,738,541,135.772,-6.391,215,355,373,287,12.589.166.666.666.600
Kendrick Lamar,Keisha's Song (Her Pain) (feat. Ashtro Bot),Section.80,2011-07-02,2011,TRUE,TRUE,FALSE,51,7AaET28qSzlkFBcySHh4ES,227291,465,854,199,85.126,-7.564,377,429,0.0,618,37.881.833.333.333.300
Kendrick Lamar,Rigamortus,Section.80,2011-07-02,2011,TRUE,TRUE,FALSE,60,2lD6AoA8qf2t4Dkf2TcmNK,168591,0.52,807,628,178.012,-6.281,409,0.24,257,199,280.985
Kendrick Lamar,Kush & Corinthians (feat. BJ The Chicago Kid),Section.80,2011-07-02,2011,TRUE,TRUE,FALSE,51,2QVYTN3Z0IGLVF7YEQN5EJ,304668,383,731,306,176.781,-5.996,201,726,0.0,504,5.0778
Kendrick Lamar,Blow My High (Members Only),Section.80,2011-07-02,2011,TRUE,TRUE,FALSE,59,1FRF0NHXBW4ecdulGkTzJY,215791,959,524,0.84,119.933,-8.145,274,316,0.0,274,35.965.166.666.666.600
Kendrick Lamar,Ab-Souls Outro (feat. Ab-Soul),Section.80,2011-07-02,2011,TRUE,TRUE,FALSE,46,4VaL54I6TlzghRTzOhfr7L,350001,471,839,639,115.79,-6.852,379,116,0.0,658,583.335
Kendrick Lamar,HiiiPower,Section.80,2011-07-02,2011,TRUE,TRUE,FALSE,64,4WEuEfFiczWxblHyuucSBL,279854,695,827,538,81.024,-5.742,282,179,0.0,283,4.664.233.333.333.330
Jay Rock,"Say Wassup (feat. Sc Hoolboy Q, Ab Soul & Kendrick Lamar)",Follow Me Home,2011-07-26,2011,FALSE,TRUE,TRUE,45,2iAPQ5Stbj7CIUThV8Udxq,263346,757,771,203,77.024,-4.214,285,47,0.0,291,4.3891
Jay Rock,Hood Gone Love It (feat. Kendrick Lamar),Follow Me Home,2011-07-26,2011,FALSE,TRUE,TRUE,66,6i6cWTCYBOKEdJnWjzm2yk,245466,636,856,677,91.81,-3.974,312,879,0.0,289,4.0911
Consequence,Up Against The Wall (feat. Roc Marci & Kendrick Lamar),Movies on Demand 2,2011-07-29,2011,FALSE,FALSE,TRUE,41,1E3aKOxdp5Qu5WtrdWaGbF,275265,513,915,727,80.815,-5.528,295,318,0.0,758,458.775
"Kendrick Lamar, Jay Rock","My People (feat. Jay Rock) (""Bastards of the Party"" Original Soundtrack Version)","My People (feat. Jay Rock) (""Bastards of the Party"" Original Soundtrack Version)",2011-08-16,2011,FALSE,TRUE,TRUE,37,0WkQfxU3podAt3UAenbzPd,241086,738,484,0.49,87.922,-7.473,287,593,0.0,273,4.0181
Smoke DZA,Ball Game (feat. Kendrick Lamar),Rolling Stoned,2011-08-30,2011,FALSE,TRUE,TRUE,0,5Q5ke86MJ7VsB0SrQwia5O,144870,457,942,675,80.248,-3.711,0.43,0.44,716,78,2.4145
Kendrick Lamar,My People (feat. Kendrick Lamar),Bastards Of The Party (Original Motion Picture Soundtrack),2011-08-30,2011,FALSE,TRUE,TRUE,0,6KjVDcQFmUf2zgYxmM8Yps,240933,647,495,502,87.426,-7.17,342,518,0.0,281,401.555
Shwayze,Over and Over (feat. Kendrick Lamar & Sophie Stern),Island in the Sun,2011-09-13,2011,FALSE,TRUE,TRUE,0,3xmeva3dILhNSMe2aLda08,330176,694,778,636,150.026,-5.759,83,355,0.0,142,5.502.933.333.333.330
Casey Veggies,Ridin' Roun Town (Remix) (feat. Kendrick Lamar),Sleeping in Class,2011-09-20,2011,FALSE,FALSE,TRUE,22,5JWZ96zO5tirwJiiBEbxFR,405747,559,845,448,142.0,-4.486,0.23,692,0.0,309,676.245
9th Wonder,"Enjoy (West Coastin) (feat. Warren G, Murs & Kendrick Lamar)",The Wonder Years,2011-09-27,2011,FALSE,TRUE,TRUE,29,7B1uCXXvHll5iglHyp4CkP,203388,801,728,796,88.704,-6.221,359,347,0.0,96,3.3898
Terrace Martin,Do It Again (feat. Kendrick Lamar),Locke High 2,2011-10-25,2011,FALSE,TRUE,TRUE,24,6tjxsNiHSu2XhtTwlIauIG,251239,854,587,793,126.031,-10.013,219,122,0.0,232,4.187.316.666.666.660
Terrace Martin,Reasons For Seasons (feat. Kendrick Lamar),Locke High 2,2011-10-25,2011,FALSE,TRUE,TRUE,14,1ap0EZeDrx2G6D6SoZVhTS,207292,486,648,602,85.752,-9.429,364,905,0.0,137,34.548.666.666.666.600
Drake,Buried Alive Interlude (feat. Kendrick Lamar),Take Care (Deluxe),2011-11-15,2011,FALSE,TRUE,TRUE,56,1ZyudLFv35SRvY5SvTZqJx,150960,711,543,801,102.01,-12.692,112,412,0.0,505,2.516
Terrace Martin,Give Me Some Of You (feat. Kendrick Lamar),"Here, My Dear",2011-12-13,2011,FALSE,TRUE,TRUE,26,2CAeV2xbF3kAKbScwBQUXF,154800,636,724,592,190.355,-6.924,238,697,0.0,188,2.58
Terrace Martin,I Had No Idea (feat. Kendrick Lamar),"Here, My Dear",2011-12-13,2011,FALSE,TRUE,TRUE,18,3OMXlsNh8VKBHtueWYghSh,223160,472,496,346,150.365,-11.712,158,215,1.91e-06,897,3.719.333.333.333.330
Talib Kweli,Push Thru (feat. Kendrick Lamar),Push Thru (feat. Kendrick Lamar and Curren$y),2012-01-01,2012,FALSE,TRUE,TRUE,25,7HetWRCNDPHhiksK6VrAG1,300800,388,739,462,74.232,-5.446,108,737,1.24e-06,69,5.013.333.333.333.330
The Game,See No Evil (feat. Kendrick Lamar),Jesus Piece,2012-01-01,2012,FALSE,TRUE,TRUE,0,3uDqWDYpdWRmLrKUavldAw,284306,484,456,763,157.21,-9.057,292,551,0.0,144,4.738.433.333.333.330
ZZ Ward,Cryin Wolf (feat. Kendrick Lamar),Til the Casket Drops,2012-01-01,2012,FALSE,FALSE,TRUE,27,63q8MyDPEfsLZlas5oJw8Z,241213,793,578,433,116.962,-6.813,907,128,104,0.29,4.020.216.666.666.660
Birdman,B-Boyz (feat. Kendrick Lamar),B-Boyz,2012-01-01,2012,FALSE,TRUE,TRUE,11,2pgzZ7VrMR6E3LbRNlsMdl,313720,579,897,546,143.124,-4.368,232,176,4.2e-06,317,5.228.666.666.666.660
DJ Khaled,They Ready (feat. Kendrick Lamar),Kiss The Ring (Deluxe),2012-01-01,2012,FALSE,TRUE,TRUE,0,5T7KGjaUeMJjFpRUibdMtB,194253,601,887,724,151.893,-3.623,347,101,0.0,403,323.755
BJ The Chicago Kid,His Pain (feat. Kendrick Lamar),Pineapple Now-Laters,2012-02-21,2012,FALSE,FALSE,TRUE,19,2uujJLrRplaQMkEx8CybZ8,329000,447,422,0.77,165.695,-11.076,167,872,5.6e-06,102,5.483.333.333.333.330
Lyn Charles,Star Life (feat. Kendrick Lamar),Star Life (feat. Kendrick Lamar),2012-03-04,2012,FALSE,FALSE,TRUE,21,2ZblN6mtRfOB3sS8Z8bLY6,209059,789,933,412,122.152,-1.871,258,451,1.13e-06,314,34.843.166.666.666.600
8 Ounz,College Girls (feat. Kendrick Lamar),"Hip Hop Had a Dream: The World Wide Tape, Vol. 2",2012-03-05,2012,FALSE,TRUE,TRUE,11,5MDvjyhIVrl7Lt8z0YEflo,273737,788,787,757,93.965,-4.665,243,246,0.0,745,4.562.283.333.333.330
Melo Kan,You Don't Like (feat. Kendrick Lamar),Mama's Only Sun,2012-03-20,2012,FALSE,FALSE,TRUE,41,3KiHviQnMqQqvbQ7Bo6ZS0,208806,648,864,762,150.906,-5.099,301,304,0.0,0.38,3.4801
Mac Miller,Fight the Feeling (feat. Kendrick Lamar),Macadelic (Remastered Edition),2012-03-23,2012,FALSE,TRUE,TRUE,1,2w9htZtkcbR48NCWzXjfvb,301769,569,881,811,148.067,-5.873,365,111,0.0,655,5.029.483.333.333.330
Infamous DJ Haze,I'm Ghost (feat. Kendrick Lamar),I'm Ghost,2012-03-26,2012,FALSE,FALSE,TRUE,5,5o5t7ykYl224QyA4k0SwKj,165825,0.53,797,0.61,96.066,-7.006,243,502,0.0,883,276.375
Meek Mill,A1 Everything (feat. Kendrick Lamar),Dreamchasers 2,2012-05-07,2012,FALSE,TRUE,TRUE,36,07gbvH9nMYyZr92vbiicCi,173400,511,597,806,85.602,-9.88,377,607,0.0,297,2.89
Ab-Soul,Black Lip Bastard (Rmx) (feat. Black Hippy) (feat. Kendrick Lamar),Control System,2012-05-11,2012,FALSE,TRUE,TRUE,35,1waF10M9885TamPSsiK3hs,348783,513,902,583,76.415,-1.354,0.37,155,0.0,689,581.305
Ab-Soul,Illuminate (feat. Kendrick Lamar),Control System,2012-05-11,2012,FALSE,TRUE,TRUE,51,3tK9aXMLi2QSMvxAS7rpv5,306730,719,855,504,132.83,-5.977,0.39,384,0.0,696,5.112.166.666.666.660
Gunplay,Power Circle (feat. Rick Ross & Kendrick Lamar),"MMG Presents: Self Made, Vol. 2",2012-06-25,2012,FALSE,TRUE,TRUE,5,54jGeYL2hUk78OHDDTXfew,516826,586,744,473,159.985,-6.552,396,0.16,0.0,277,8.613.766.666.666.660
Nitty Scott,Flower Child (feat. Kendrick Lamar),"The Boombox Diaries, Vol. 1 - EP",2012-08-28,2012,FALSE,TRUE,TRUE,0,0C79sQhgGvnJn9oYxQHW4s,202447,784,512,705,95.024,-9.058,342,763,0.0,111,33.741.166.666.666.600
B.o.B,I'm On 2.0 (feat. Kendrick Lamar),Black Print,2012-09-18,2012,FALSE,TRUE,TRUE,34,2pMOLATPaYxPeeU1XfH7Ss,301053,529,826,632,138.631,-6.674,325,0.13,0.0,394,501.755
DJ Drama,"My Way (feat. Common, Lloyd & Kendrick Lamar)",Quality Street Music,2012-10-02,2012,FALSE,TRUE,TRUE,0,5R5P99xkLarzSolqb7xd7k,218386,715,439,319,82.072,-7.596,157,132,0.0,106,36.397.666.666.666.600
Skeme,I Remember (feat. Kendrick Lamar),Alive & Living,2012-10-16,2012,FALSE,TRUE,TRUE,0,6eTwu8I7nosvp2AhMlJz2m,290299,713,859,772,167.132,-6.407,234,877,0.0,113,4.838.316.666.666.660
Kendrick Lamar,Sherane a.k.a Master Splinter’s Daughter,"good kid, m.A.A.d city (Deluxe)",2012-10-22,2012,TRUE,TRUE,FALSE,50,5FF6Pyuh5jW6ybKHiaiGMy,273640,504,508,317,82.069,-11.094,518,486,102,124,4.560.666.666.666.660
Kendrick Lamar,"Bitch, Don’t Kill My Vibe","good kid, m.A.A.d city (Deluxe)",2012-10-22,2012,TRUE,TRUE,FALSE,64,5h5tBFnbcVioFXiOixTn6E,310720,586,698,98,133.954,-8.948,943,151,0.0,443,51.786.666.666.666.600
Kendrick Lamar,Backseat Freestyle,"good kid, m.A.A.d city (Deluxe)",2012-10-22,2012,TRUE,TRUE,FALSE,57,1BR5vhAlaoUiijQ28p6jlN,212653,547,651,645,77.878,-7.601,0.3,739,0.0,235,3.544.216.666.666.660
Kendrick Lamar,The Art of Peer Pressure,"good kid, m.A.A.d city (Deluxe)",2012-10-22,2012,TRUE,TRUE,FALSE,53,4F8rYEoiBjPaRgQXLVtN5a,324533,555,611,409,94.939,-9.216,356,285,106,273,5.408.883.333.333.330
Kendrick Lamar,Money Trees,"good kid, m.A.A.d city (Deluxe)",2012-10-22,2012,TRUE,TRUE,FALSE,66,0UtnpKaReKUg2GquaSxCyD,386906,716,531,335,71.972,-7.355,157,709,0.0,0.22,6.448.433.333.333.330
Kendrick Lamar,Poetic Justice,"good kid, m.A.A.d city (Deluxe)",2012-10-22,2012,TRUE,TRUE,FALSE,60,3MLOAIJNWWS8FQpvdaiKR7,300160,778,569,642,135.958,-9.985,378,158,0.0,246,5.002.666.666.666.660
Kendrick Lamar,good kid,"good kid, m.A.A.d city (Deluxe)",2012-10-22,2012,TRUE,TRUE,FALSE,53,0PKJxo97zXT8oAwl2zFnPh,214120,451,831,0.41,176.173,-8.641,308,623,0.0,185,35.686.666.666.666.600
Kendrick Lamar,m.A.A.d city,"good kid, m.A.A.d city (Deluxe)",2012-10-22,2012,TRUE,TRUE,FALSE,64,3qX1dqmDdmMvvfMVfsx4Bh,350120,487,729,217,91.066,-6.815,271,538,4.09e-06,0.44,5.835.333.333.333.330
Kendrick Lamar,Swimming Pools (Drank) - Extended Version,"good kid, m.A.A.d city (Deluxe)",2012-10-22,2012,TRUE,TRUE,FALSE,60,40wUM3LFZOlUcZfxEIZrYK,313786,669,485,261,74.376,-7.744,417,123,2.68e-05,604,52.297.666.666.666.600
Kendrick Lamar,"Sing About Me, I'm Dying Of Thirst","good kid, m.A.A.d city (Deluxe)",2012-10-22,2012,TRUE,TRUE,FALSE,60,1Z2FvDFZSDQ23s4BDqpWqZ,723573,654,753,371,110.699,-7.556,398,303,8.25e-05,0.13,1.205.955
Kendrick Lamar,Real,"good kid, m.A.A.d city (Deluxe)",2012-10-22,2012,TRUE,TRUE,FALSE,53,73eGiraiU7JkIsmFyQyJAv,443413,652,458,174,100.049,-12.272,194,282,0.0,664,7.390.216.666.666.660
Kendrick Lamar,Compton,"good kid, m.A.A.d city (Deluxe)",2012-10-22,2012,TRUE,TRUE,FALSE,50,0O6cYePgIBlMQ0pAFate3q,248093,341,907,224,170.757,-4.425,419,815,0.0,383,4.134.883.333.333.330
Kendrick Lamar,The Recipe - Bonus Track,"good kid, m.A.A.d city (Deluxe)",2012-10-22,2012,TRUE,TRUE,FALSE,63,5jHilrZDaP1vJMZfdN1He3,352853,764,782,504,131.0,-6.975,725,589,0.0,0.35,5.880.883.333.333.330
Kendrick Lamar,Black Boy Fly - Bonus Track,"good kid, m.A.A.d city (Deluxe)",2012-10-22,2012,TRUE,TRUE,FALSE,47,6P6HGbOoWUynE2U7yLwLnY,279146,593,731,0.61,160.085,-5.21,0.15,108,1.52e-06,103,4.652.433.333.333.330
Kendrick Lamar,Now Or Never - Bonus Track,"good kid, m.A.A.d city (Deluxe)",2012-10-22,2012,TRUE,FALSE,FALSE,58,0NfYAsKygCYwPA2BgTZ1qg,256213,535,707,784,100.534,-5.879,0.21,264,0.0,305,4.270.216.666.666.660
Kendrick Lamar,"Bitch, Don’t Kill My Vibe - Remix","good kid, m.A.A.d city (Deluxe)",2012-10-22,2012,TRUE,TRUE,FALSE,47,4wshBvO4qMrxJnPlfkeUWi,278586,633,787,146,133.62,-5.766,241,508,0.0,204,4.6431
Kendrick Lamar,"Bitch, Don’t Kill My Vibe - International Remix / Explicit Version","good kid, m.A.A.d city (Deluxe)",2012-10-22,2012,TRUE,TRUE,FALSE,42,1IjxCFAyR1ysajk10iHsKh,305813,0.67,812,871,134.057,-6.608,815,109,0.0,503,5.096.883.333.333.330
Mayer Hawthorne,Crime (feat. Kendrick Lamar),Where Does This Door Go (Deluxe Edition),2013-01-01,2013,FALSE,TRUE,TRUE,24,34xSlAT7cOUZj5B6bdXgXQ,280400,572,771,485,94.988,-7.353,499,455,6.31e-05,416,4.673.333.333.333.330
Rich Gang,100 Favors (feat. Kendrick Lamar),100 Favors,2013-01-01,2013,FALSE,TRUE,TRUE,0,0fHy5kmMXGsbaupNXw0zgl,248120,505,637,977,73.868,-5.824,115,225,0.0,129,41.353.333.333.333.300
Pusha T,Nosetalgia (feat. Kendrick Lamar),My Name Is My Name,2013-01-01,2013,FALSE,TRUE,TRUE,0,5c7yH6ivcTqyHcMkHWTiFY,216053,574,795,723,80.975,-3.919,318,257,0.0,132,36.008.833.333.333.300
Robin Thicke,Give It 2 U - Remix (feat. Kendrick Lamar),Blurred Lines (Deluxe),2013-01-01,2013,FALSE,TRUE,TRUE,26,6SB2sufUkTTb3Ovjw6TELT,257466,692,0.83,586,127.05,-3.748,619,924,0.0,185,4.2911
King Kendrick,Control (feat. Kendrick Lamar),King Kendrick Diss,2013-01-01,2013,FALSE,FALSE,TRUE,0,6LpavSgQBTJmf7KteLNyKI,450163,508,927,737,84.976,-6.12,389,207,0.0,298,7.502.716.666.666.660
Jhené Aiko,Stay Ready (What A Life) (feat. Kendrick Lamar),Sail Out,2013-01-01,2013,FALSE,TRUE,TRUE,75,5nkUIVKqOqdpB6ApKgEMkv,382760,347,493,308,82.887,-11.548,0.29,455,366,127,6.379.333.333.333.330
Bridget Kelly,Street Dreamin (feat. Kendrick Lamar),Street Dreamin,2013-01-01,2013,FALSE,TRUE,TRUE,0,5T8nNdT27aEpPv62Ss0Dsp,209733,0.55,883,637,186.146,-6.476,247,486,0.0,252,349.555
50 Cent,We Up (feat. Kendrick Lamar),We Up,2013-01-01,2013,FALSE,TRUE,TRUE,47,4VnYL2m6J9kWrBSw22CXwx,198773,746,756,416,103.08,-6.678,325,533,0.0,803,3.312.883.333.333.330
The Lonely Island,YOLO (feat. Kendrick Lamar),The Wack Album,2013-01-01,2013,FALSE,FALSE,TRUE,24,5KGLJFlE9iAjKubfW07ZZy,184640,611,871,0.66,160.032,-3.003,275,284,0.0,157,30.773.333.333.333.300
A$AP Rocky,"1Train (feat. Kendrick Lamar, Joey Bada$$, Yelawolf, Danny Brown, Action Bronson & Big K.R.I.T.)",LONG.LIVE.A$AP (Deluxe Version),2013-01-01,2013,FALSE,TRUE,TRUE,62,1eLU27PPFxBhbp1CBjPh9J,372173,489,878,775,81.497,-3.36,368,351,0.0,698,6.202.883.333.333.330
Frank Anthony,Live in My Bed (feat. Kendrick Lamar),Live in My Bed (feat. Kendrick Lamar),2013-01-07,2013,FALSE,TRUE,TRUE,2,7Ca6kyvnZrXDJIlYXGxcyJ,296464,583,867,343,128.062,-3.061,451,162,0.0,423,4.941.066.666.666.660
A$AP Rocky,"F**kin' Problems (feat. Drake, 2 Chainz & Kendrick Lamar)",LONG.LIVE.A$AP (Deluxe Version),2013-01-11,2013,FALSE,TRUE,TRUE,2,4XoP1AkbOurU9CeZ2rMEz2,233786,869,687,668,96.006,-6.816,263,208,"1,00E-06",114,38.964.333.333.333.300
Ras Kass,"Focus (feat. ProVerb, Latoiya Williams, Kendrick Lamar)",Barmageddon,2013-02-12,2013,FALSE,TRUE,TRUE,7,3ZleMz9RX3gDpINe4A7ojJ,216226,907,641,497,108.503,-7.142,133,135,1.62e-05,624,36.037.666.666.666.600
Dido,Let Us Move On (feat. Kendrick Lamar),Girl Who Got Away (Expanded Edition),2013-03-04,2013,FALSE,FALSE,TRUE,32,6zZ1sPk865qtbageCHRjxZ,250360,597,0.69,227,87.051,-7.276,422,482,749,171,4.172.666.666.666.660
Miguel,How Many Drinks? (feat. Kendrick Lamar),How Many Drinks? (feat. Kendrick Lamar),2013-04-10,2013,FALSE,TRUE,TRUE,47,2dDCkXBbVDI4YR21lrQRK6,270160,425,0.6,0.24,88.767,-7.016,159,33,4.05e-05,127,4.502.666.666.666.660
Kid Cudi,Solo Dolo Part II (feat. Kendrick Lamar),Indicud,2013-04-12,2013,FALSE,TRUE,TRUE,42,6IPZkjmCvqDY3RVCkRxr9r,214440,731,895,293,105.192,-5.526,295,149,2.62e-05,185,3.574
Quadron,Better Off (feat. Kendrick Lamar),Avalanche,2013-05-31,2013,FALSE,FALSE,TRUE,29,2IU9XtrbGviQfWAjg4x9kc,264680,565,432,446,176.157,-11.175,0.11,672,231,837,4.411.333.333.333.330
J. Cole,Forbidden Fruit (feat. Kendrick Lamar),Born Sinner (Deluxe Version),2013-06-18,2013,FALSE,TRUE,TRUE,62,1mvDFqbbmgmMmU6U4dIq5m,268666,0.84,504,406,110.027,-9.354,383,546,131,211,4.477.766.666.666.660
Droop-E,Rossi Wine (feat. Kendrick Lamar),Hungry and Humble,2013-07-16,2013,FALSE,TRUE,TRUE,28,4xhyLoAlssBTXH0cXqUZPI,252700,637,778,632,140.007,-7.16,104,303,0.0,278,4.211.666.666.666.660
Tech N9ne,Fragile (feat. Kendrick Lamar),Something Else,2013-07-30,2013,FALSE,TRUE,TRUE,54,7L3YDa0Fd8pmzpAyu6EKOS,236373,715,468,673,194.902,-7.664,147,994,0.0,125,393.955
Terrace Martin,Triangle Ship (feat. Kendrick Lamar),3ChordFold,2013-08-13,2013,FALSE,FALSE,TRUE,18,1TycxSppuyhz7NVbiOs870,340497,357,0.47,253,171.347,-12.173,383,516,0.0,118,567.495
T.I.,"Memories Back Then (feat. B.o.B, Kendrick Lamar & Kris Stephens)","Memories Back Then (feat. B.o.B, Kendrick Lamar & Kris Stephens)",2013-09-18,2013,FALSE,TRUE,TRUE,48,0A2lJqfi04TKDTJYoKBxa9,304320,796,504,221,130.01,-10.989,524,115,0.0,136,5.072
Fredo Santana,Jealous (feat. Kendrick Lamar),Trappin Ain't Dead,2013-10-31,2013,FALSE,TRUE,TRUE,0,0scD5I6rqJ94Vv2D7ZMwRr,259839,771,371,215,137.861,-9.796,331,116,0.0,804,433.065
Eminem,Love Game (feat. Kendrick Lamar),The Marshall Mathers LP2 (Deluxe),2013-11-05,2013,FALSE,TRUE,TRUE,0,2HLbZPvi1GHZ8jzLYNltmM,296953,779,943,696,105.441,-2.524,174,364,0.0,641,4.949.216.666.666.660
YG Hootie,Two Presidents (feat. Kendrick Lamar),Two Presidents,2013-12-03,2013,FALSE,TRUE,TRUE,33,2Xjvo0g3jPZB8QgTmRv5oU,230038,823,529,566,124.056,-7.041,252,477,0.0,104,38.339.666.666.666.600
Balance,"Fa Sho (feat. Kendrick Lamar, Jay Rock & Freeway)",In Case You Slept,2013-12-17,2013,FALSE,TRUE,TRUE,12,1uWkVUZVqH5142GmIZvWWM,259866,658,636,429,89.098,-11.69,391,832,0.0,261,4.3311
Tame Impala,Backwards (feat. Kendrick Lamar),Divergent: Original Motion Picture Soundtrack,2014-01-01,2014,FALSE,FALSE,TRUE,35,58AyPFJSaRDpr6cj2LYFFG,234773,531,0.95,654,150.071,-4.087,177,59,6.25e-06,108,39.128.833.333.333.300
Imagine Dragons,Radioactive (feat. Kendrick Lamar),Radioactive,2014-01-01,2014,FALSE,TRUE,TRUE,58,69yfbpvmkIaB10msnKT7Q5,276040,483,894,278,139.858,-3.9,223,407,0.0,282,4.600.666.666.666.660
ScHoolboy Q,Collard Greens (feat. Kendrick Lamar),Oxymoron (Deluxe),2014-01-01,2014,FALSE,TRUE,TRUE,74,0zO8ctW0UiuOefR87OeJOZ,299960,825,573,0.66,153.956,-4.872,638,255,9.19e-06,205,4.999.333.333.333.330
Bigg Steele,My Boombox (feat. Kendrick Lamar),Skorcezzi,2014-03-04,2014,FALSE,TRUE,TRUE,5,67m7F9y62T7B6Qt0Q2QXr1,231601,516,867,521,161.1,-6.759,105,175,0.0,824,38.600.166.666.666.600
YG,Really Be (Smokin N Drinkin) (feat. Kendrick Lamar),My Krazy Life,2014-03-18,2014,FALSE,TRUE,TRUE,44,09WkOmmVBwqii0dT7SdRTQ,310878,766,542,678,146.026,-8.467,392,476,9.27e-06,668,5.1813
SZA,Babylon (feat. Kendrick Lamar),Z,2014-04-08,2014,FALSE,TRUE,TRUE,54,6Aj2H0Z0v0JgnSfPEwCgW0,234284,0.51,0.71,367,131.891,-6.891,113,629,0.0,607,3.904.733.333.333.330
Alicia Keys,It's On Again (feat. Kendrick Lamar) - From The Amazing Spider-Man 2 Soundtrack,It's On Again (feat. Kendrick Lamar) [From The Amazing Spider-Man 2 Soundtrack],2014-04-25,2014,FALSE,FALSE,TRUE,56,44EkzAU92xwm30YpD4p31i,229827,647,687,494,110.14,-5.274,121,0.06,0.0,495,383.045
Mike WiLL Made-It,Buy The World (feat. Kendrick Lamar),Buy The World,2014-06-17,2014,FALSE,TRUE,TRUE,45,01A7PEPSnmtixFPfB2UTal,226693,793,631,231,119.971,-6.109,998,406,478,207,3.778.216.666.666.660
Ab-Soul,Kendrick Lamar's Interlude (feat. Kendrick Lamar),These Days...,2014-06-24,2014,FALSE,TRUE,TRUE,0,6i45eLXuFCXNAXzTpnzwCr,299577,435,785,358,121.73,-6.892,194,152,0.0,438,499.295
Jasmine V,That’s Me Right There (feat. Kendrick Lamar),That's Me Right There,2014-08-05,2014,FALSE,FALSE,TRUE,40,4jMVNbIJ6l6XScHsoLMQX6,208502,0.68,0.64,675,129.953,-5.542,497,106,0.0,59,3.475.033.333.333.330
Chris Brown,Autumn Leaves (feat. Kendrick Lamar),X (Expanded Edition),2014-09-16,2014,FALSE,TRUE,TRUE,53,7EJ1CjaeHobTNQCJOrFmpZ,268800,624,0.6,436,73.059,-7.935,289,326,0.0,138,4.48
Kendrick Lamar,i,i,2014-09-23,2014,FALSE,TRUE,FALSE,67,7wdzLe2Gsx1RGqbvYZHASz,231933,755,884,897,121.927,-5.296,638,208,2.97e-06,248,386.555
Flying Lotus,Never Catch Me (feat. Kendrick Lamar),You're Dead!,2014-10-06,2014,FALSE,FALSE,TRUE,0,6CTG85NJI1Wm60pxTSRNwL,234486,526,936,283,81.305,-4.576,263,316,384,261,3.9081
Jay Rock,Pay for It (feat. Kendrick Lamar & Chantal),Pay for It (feat. Kendrick Lamar & Chantal),2014-10-27,2014,FALSE,TRUE,TRUE,36,3uya2Ph2zB84JMR28vqWK0,242733,371,743,331,189.766,-8.13,354,394,5.41e-06,123,404.555
Freeway,Fasho (feat. Kendrick Lamar),"Month of Madness, Vol. 7",2014-11-18,2014,FALSE,TRUE,TRUE,2,2hMN5P2tTFm3hYfa6bJSN3,262080,665,638,481,89.026,-11.598,423,73,0.0,231,4.368
Kendrick Lamar,Swimming Pools (Drank) - Black Hippy Remix,Swimming Pools (Drank) [Black Hippy Remix],2015-03-10,2015,FALSE,TRUE,FALSE,35,2kB3E1ne5D9EUguk7yct9g,314893,709,525,303,73.912,-6.483,458,478,0.0,103,5.248.216.666.666.660
Kendrick Lamar,County Building Blues,County Building Blues,2015-03-10,2015,FALSE,TRUE,FALSE,45,6AdLUPGOVpHT4LAiWYktH0,257706,499,778,586,105.091,-5.258,0.21,523,0.0,769,4.2951
Kendrick Lamar,Wesley's Theory,To Pimp A Butterfly,2015-03-16,2015,TRUE,TRUE,FALSE,33,3bfADkn4569mddf3NuIyKh,287360,509,787,507,114.449,-6.754,265,359,2.76e-05,0.26,4.789.333.333.333.330
Kendrick Lamar,For Free? - Interlude,To Pimp A Butterfly,2015-03-16,2015,TRUE,TRUE,FALSE,26,4c5DfSNdMMD0WfAzC11Eb5,130893,526,896,745,129.313,-4.708,197,588,0.0,0.37,218.155
Kendrick Lamar,King Kunta,To Pimp A Butterfly,2015-03-16,2015,TRUE,TRUE,FALSE,33,2XijsLg3IR0IkUMKtlqdvT,234693,884,657,489,107.059,-4.569,977,589,0.0,154,391.155
Kendrick Lamar,Institutionalized,To Pimp A Butterfly,2015-03-16,2015,TRUE,TRUE,FALSE,27,1FUcuS5FpYqBrIgTD9fXTQ,271773,539,731,568,81.114,-5.085,453,112,1.19e-06,129,452.955
Kendrick Lamar,These Walls,To Pimp A Butterfly,2015-03-16,2015,TRUE,TRUE,FALSE,30,7grlZyuGxtz5uWBNJ7aCmO,300973,752,489,373,108.005,-5.233,137,0.11,3.57e-06,202,5.016.216.666.666.660
Kendrick Lamar,u,To Pimp A Butterfly,2015-03-16,2015,TRUE,TRUE,FALSE,28,7iVC68z9TYxNpFCQfs6TUE,268493,406,798,0.58,71.547,-5.585,432,0.26,0.0,461,44.748.833.333.333.300
Kendrick Lamar,Alright,To Pimp A Butterfly,2015-03-16,2015,TRUE,TRUE,FALSE,36,6oakQZRgFZ5FRHDr3GoiPF,219333,796,766,558,110.034,-5.974,238,742,0.0,827,365.555
Kendrick Lamar,For Sale? - Interlude,To Pimp A Butterfly,2015-03-16,2015,TRUE,TRUE,FALSE,25,7KCvyzT5jtlJwoyUN8Uw0A,291720,301,686,276,79.036,-8.36,831,442,115,121,4.862
Kendrick Lamar,Momma,To Pimp A Butterfly,2015-03-16,2015,TRUE,TRUE,FALSE,24,2bwC0ggz9qwYcCIpM1fBzK,283120,615,743,515,111.914,-4.58,325,254,0.0,665,4.718.666.666.666.660
Kendrick Lamar,Hood Politics,To Pimp A Butterfly,2015-03-16,2015,TRUE,TRUE,FALSE,25,0lGb6cqAouFJqlNT0HJEcV,292520,731,661,369,87.912,-6.562,376,145,0.0,0.12,4.875.333.333.333.330
Kendrick Lamar,How Much A Dollar Cost,To Pimp A Butterfly,2015-03-16,2015,TRUE,TRUE,FALSE,25,4eZCJ2OFRnyfbPwH21tPL0,261746,624,729,334,87.948,-4.747,198,415,0.0,135,4.362.433.333.333.330
Kendrick Lamar,Complexion (A Zulu Love),To Pimp A Butterfly,2015-03-16,2015,TRUE,TRUE,FALSE,24,69u3f33ziqgUZkHpxhWuid,263360,665,558,0.37,89.953,-7.863,303,566,4.57e-06,219,4.389.333.333.333.330
Kendrick Lamar,The Blacker The Berry,To Pimp A Butterfly,2015-03-16,2015,TRUE,TRUE,FALSE,26,5iazFRMdIQ78zSjPoxWQNI,328826,553,852,0.27,176.058,-4.08,305,713,0.0,463,5.480.433.333.333.330
Kendrick Lamar,You Ain't Gotta Lie (Momma Said),To Pimp A Butterfly,2015-03-16,2015,TRUE,TRUE,FALSE,25,4AzVz6cA7rsH4mYP1hmPhz,241680,443,635,672,93.742,-5.404,223,455,2.07e-05,285,4.028
Kendrick Lamar,i,To Pimp A Butterfly,2015-03-16,2015,TRUE,TRUE,FALSE,30,6v0yKEba7ZN6BHkOOoWfsN,336013,541,809,753,120.094,-4.286,324,708,0.0,0.72,5.600.216.666.666.660
Kendrick Lamar,Mortal Man,To Pimp A Butterfly,2015-03-16,2015,TRUE,TRUE,FALSE,23,4AS5UEGASSIcbnwfDGOoK2,727106,567,525,416,86.935,-9.043,0.75,665,0.0,708,12.118.433.333.333.300
E-40,Catch A Fade (feat. Kendrick Lamar),The Block Brochure: Jumbo Pack,2015-05-04,2015,FALSE,TRUE,TRUE,0,6eJCN7ln9nOXoe6nV60CnO,248559,584,677,469,81.992,-6.985,334,114,0.0,388,414.265
Snoop Dogg,I'm Ya Dogg (feat. Kendrick Lamar & Rick Ross),BUSH,2015-05-06,2015,FALSE,TRUE,TRUE,33,16utyJfWZGkTWYDobMzND7,278146,479,609,513,107.699,-8.678,236,127,0.0,815,4.635.766.666.666.660
Taylor Swift,Bad Blood (feat. Kendrick Lamar),Bad Blood,2015-05-17,2015,FALSE,FALSE,TRUE,64,6xsEAm6w9oMQYYg3jkEkMT,200106,654,655,221,170.16,-7.388,106,294,0.0,139,3.3351
Pac Div,Cross-Trainers (feat. Kendrick Lamar & Blu),The Div / GMB,2015-05-19,2015,FALSE,TRUE,TRUE,0,2PESE8ilPrfmPeaLdMoP6t,264293,526,927,452,89.787,-3.179,259,521,0.0,273,4.404.883.333.333.330
Jidenna,Classic Man (feat. Kendrick Lamar) - Remix,Classic Man (feat. Kendrick Lamar) [Remix],2015-06-22,2015,FALSE,TRUE,TRUE,45,530J9GupahE2O4a1iVkQxB,235046,851,657,644,94.036,-5.161,559,119,0.0,743,39.174.333.333.333.300
Bilal,Money Over Love (feat. Kendrick Lamar),In Another Life,2015-06-30,2015,FALSE,FALSE,TRUE,0,4l295fn8GUozWoRPDADuxc,164786,424,705,654,127.315,-5.889,185,0.28,2.84e-06,141,27.464.333.333.333.300
Dr. Dre,Deep Water (feat. Kendrick Lamar),Compton,2015-08-21,2015,FALSE,TRUE,TRUE,42,7LUOpegdxmYkaHjJXdHuZ3,311360,705,786,473,101.995,-5.417,355,306,3.27e-05,906,5.189.333.333.333.330
Dr. Dre,Darkside/Gone (feat. Kendrick Lamar),Compton,2015-08-21,2015,FALSE,TRUE,TRUE,41,5ZEdSY99Mj5U4MIF97EKER,233906,667,782,0.59,80.487,-4.404,0.31,125,0.0,997,3.898.433.333.333.330
Dr. Dre,Genocide (feat. Kendrick Lamar),Compton,2015-08-21,2015,FALSE,TRUE,TRUE,39,7GW98M7bhqIqLGpxxStZWP,266506,585,758,386,86.629,-3.501,186,195,0.0,88,4.441.766.666.666.660
King Esko,Murda (feat. Kendrick Lamar),King Esko,2015-09-01,2015,FALSE,TRUE,TRUE,0,1HFGtQBnUfFWMtRIuj5uAC,228310,554,961,405,99.033,-2.666,203,274,0.0,275,38.051.666.666.666.600
Glasses Malone,Thuggin' (feat. Kendrick Lamar),GlassHouse 2: Life Ain't Nuthin But...,2015-09-05,2015,FALSE,TRUE,TRUE,15,1s4Peo4fUtOjDwiNhO2Epo,300066,568,667,441,113.364,-8.935,363,173,0.0,244,5.2011
Jay Rock,Easy Bake (feat. Kendrick Lamar & SZA),90059,2015-09-11,2015,FALSE,TRUE,TRUE,38,2iXm6lM5KNUHOGP5OQSeyA,291812,566,586,619,174.262,-6.741,827,357,0.0,425,4.863.533.333.333.330
Jay Rock,Vice City (feat. Black Hippy) (feat. Kendrick Lamar),90059,2015-09-11,2015,FALSE,TRUE,TRUE,50,2SIdGJTWirTxRNEyCp9ocI,283751,844,553,511,114.939,-7.284,356,156,1.32e-06,816,4.729.183.333.333.330
The Game,On Me - feat. Kendrick Lamar,The Documentary 2,2015-10-09,2015,FALSE,TRUE,TRUE,0,6mUErYj38jotVlhzgGY6vl,285640,483,662,664,85.798,-9.18,541,136,0.0,796,4.760.666.666.666.660
Jonathan Emile,Heaven Help Dem (feat. Kendrick Lamar),The Lover / Fighter Document LP,2015-10-09,2015,FALSE,FALSE,TRUE,33,5dnh5AR01W0n8r3gLJAPPP,301363,323,763,185,175.462,-5.715,172,775,0.0,243,5.022.716.666.666.660
Reek da Villian,Go Off (feat. Kendrick Lamar),Reek What You Sow,2015-10-26,2015,FALSE,TRUE,TRUE,0,62IUpguTYDExJQL9wVMVz5,167053,0.87,691,551,102.307,-8.931,314,632,0.0,114,27.842.166.666.666.600
Ty Dolla $ign,"LA (feat. Kendrick Lamar, Brandy & James Fauntleroy)",Free TC,2015-11-13,2015,FALSE,TRUE,TRUE,0,2HyjslXPfwBapec3F6FppD,307360,354,0.5,321,75.04,-7.159,137,315,0.0,602,51.226.666.666.666.600
BJ The Chicago Kid,The New Cupid (feat. Kendrick Lamar),In My Mind,2016-02-19,2016,FALSE,TRUE,TRUE,0,45ZtBhpcxjFQG9mX5BwB4l,321080,565,808,563,127.377,-3.394,211,114,0.0,366,5.351.333.333.333.330
Kendrick Lamar,untitled 01 | 08.19.2014.,untitled unmastered.,2016-03-04,2016,TRUE,TRUE,FALSE,49,6OkOFxU6j0UufR97VgSnS7,247746,0.57,584,107,102.19,-11.708,405,321,0.0,868,4.1291
Kendrick Lamar,untitled 02 | 06.23.2014.,untitled unmastered.,2016-03-04,2016,TRUE,TRUE,FALSE,62,3I0FBDc1c1BLNtXWKVjmFg,258826,667,508,93,89.436,-10.337,451,341,0.0,644,4.313.766.666.666.660
Kendrick Lamar,untitled 03 | 05.28.2013.,untitled unmastered.,2016-03-04,2016,TRUE,TRUE,FALSE,55,2fgAJeky8Cpsr8Cfvn2NVp,154346,813,549,562,103.914,-12.427,269,608,"1,00E-06",129,2.572.433.333.333.330
Kendrick Lamar,untitled 04 | 08.14.2014.,untitled unmastered.,2016-03-04,2016,TRUE,TRUE,FALSE,48,1U13SSgDOxK98L1FTWYrjQ,110066,512,128,219,103.056,-21.49,252,864,0.0,512,18.344.333.333.333.300
Kendrick Lamar,untitled 05 | 09.21.2014.,untitled unmastered.,2016-03-04,2016,TRUE,TRUE,FALSE,56,3V8vWoCbKbfjNrPaQ4YtSg,338426,461,0.62,422,153.941,-9.822,496,321,0.0,151,5.640.433.333.333.330
Kendrick Lamar,untitled 06 | 06.30.2014.,untitled unmastered.,2016-03-04,2016,TRUE,TRUE,FALSE,56,4M2t7bP4Mq87mGMn0PObUX,208013,669,541,645,89.083,-11.291,461,992,7.69e-06,254,34.668.833.333.333.300
Kendrick Lamar,untitled 07 | 2014 - 2016,untitled unmastered.,2016-03-04,2016,TRUE,TRUE,FALSE,53,40IQooNkPRVtn4zlE3ZFpA,496173,567,463,324,126.982,-11.669,504,732,0.0,709,826.955
Kendrick Lamar,untitled 08 | 09.06.2014.,untitled unmastered.,2016-03-04,2016,TRUE,TRUE,FALSE,64,5bBUDJUfGcG7eFy3Bf4fXv,235506,0.85,524,686,120.004,-9.375,204,0.25,2.46e-06,114,3.9251
Funkadelic,Ain't That Funkin' Kinda Hard on You? (feat. Kendrick Lamar & Ice Cube) - We Ain't Neva Gonna Stop Remix,Ain't That Funkin' Kinda Hard on You? (We Ain't Neva Gonna Stop Remix) [feat. Kendrick Lamar & Ice Cube],2016-03-09,2016,FALSE,TRUE,TRUE,43,6SgQIoLn8kpu8J4wfwGWy8,309723,635,874,632,89.895,-4.693,176,156,0.0,245,516.205
Kendrick Lamar,untitled 07 | levitate,untitled 07 | levitate,2016-03-23,2016,FALSE,TRUE,FALSE,49,6QvxTX9zvo4u7XhP9vOP3n,146466,0.79,0.47,0.53,126.992,-8.594,223,0.49,0.0,884,2.4411
Beyoncé,Freedom (feat. Kendrick Lamar),Lemonade,2016-04-23,2016,FALSE,FALSE,TRUE,63,7aBxcRw77817BrkdPChAGY,289760,437,803,406,84.378,-6.412,305,376,0.0,683,48.293.333.333.333.300
Mistah F.A.B.,Survive (feat. Kendrick Lamar),"Son of a Pimp, Pt. 2",2016-05-27,2016,FALSE,TRUE,TRUE,18,54nnZSkyVEb5Fabr7105nE,230452,597,787,546,123.814,-4.805,318,0.1,0.0,127,3.840.866.666.666.660
Kanye West,No More Parties In LA (feat. Kendrick Lamar),The Life Of Pablo,2016-06-10,2016,FALSE,TRUE,TRUE,70,0zLClc0emc6qUeV1p5nc99,374413,508,921,681,93.058,-1.644,303,246,0.0,221,6.240.216.666.666.660
ScHoolboy Q,Black THougHts (feat. Kendrick Lamar),Blank Face LP,2016-07-08,2016,FALSE,TRUE,TRUE,33,7M9m87NlRxY5YJYgcWrVhR,222320,726,813,323,153.998,-6.676,344,531,2.6e-05,135,37.053.333.333.333.300
ScHoolboy Q,THat Part - Black Hippy Remix (feat. Kendrick Lamar),THat Part (Black Hippy Remix),2016-07-16,2016,FALSE,TRUE,TRUE,48,5sqHFfmw7MMc1L85BN8802,288525,892,548,262,112.962,-8.449,0.33,139,0.0,114,480.875
DJ Khaled,"Holy Key (feat. Big Sean, Kendrick Lamar & Betty Wright)",Major Key,2016-08-05,2016,FALSE,TRUE,TRUE,36,4o1zYFH5QWKu3E4MiC6lgE,281979,413,928,469,83.203,-3.671,321,106,0.0,331,469.965
Frank Ocean,Skyline To (feat. Kendrick Lamar),Blonde,2016-08-20,2016,FALSE,TRUE,TRUE,67,4xR3MAscflQ262kMeiKshQ,184600,0.43,296,386,129.048,-13.645,583,882,6.21e-06,104,30.766.666.666.666.600
Isaiah Rashad,Wat's Wrong (feat. Zacari & Kendrick Lamar),The Sun's Tirade,2016-09-02,2016,FALSE,TRUE,TRUE,65,2RPbEp0DyBVlkRvvYKopO7,330783,706,688,313,125.966,-6.357,269,151,0.0,466,551.305
Mac Miller,"God Is Fair, Sexy Nasty (feat. Kendrick Lamar)",The Divine Feminine,2016-09-16,2016,FALSE,TRUE,TRUE,61,6hzbRKhJHo6cfCHSnNaDS8,500960,467,0.41,136,95.931,-12.028,185,328,4.28e-05,113,8.349.333.333.333.330
Danny Brown,Really Doe (feat. Kendrick Lamar),Really Doe,2016-09-20,2016,FALSE,FALSE,TRUE,0,6dNxhBjjZGmn8mBM6KrhtJ,319433,692,983,792,75.992,-3.469,0.29,417,0.0,0.21,5.323.883.333.333.330
Sia,The Greatest (feat. Kendrick Lamar),This Is Acting (Deluxe Version),2016-10-21,2016,FALSE,FALSE,TRUE,64,7xHWNBFm6ObGEQPaUxHuKO,210226,668,725,729,191.944,-6.127,266,102,479,561,35.037.666.666.666.600
A Tribe Called Quest,Conrad Tokyo (feat. Kendrick Lamar & Jack White),We got it from Here... Thank You 4 Your service,2016-11-11,2016,FALSE,TRUE,TRUE,48,3MDcFMG1AYBPcRpYOdwDYl,211986,676,609,236,95.245,-7.233,918,602,391,103,3.5331
The Weeknd,Sidewalks (feat. Kendrick Lamar),Starboy,2016-11-25,2016,FALSE,TRUE,TRUE,69,4h90qkbnW1Qq6pBhoPvwko,231360,542,0.72,623,149.828,-5.136,628,147,0.0,348,3.856
Thundercat,Walk On By (feat. Kendrick Lamar),Drunk,2017-02-24,2017,FALSE,TRUE,TRUE,62,6fkL9CjWmjeV6vfDxTp9OZ,199136,825,302,747,94.956,-11.651,282,204,0.0,762,33.189.333.333.333.300
Kendrick Lamar,The Heart Part 4,The Heart Part 4,2017-03-24,2017,FALSE,TRUE,FALSE,47,1zayuwd1YLZsYDArkruHdL,288554,669,434,0.55,129.326,-15.218,714,501,125,271,4.809.233.333.333.330
Mike WiLL Made-It,"Perfect Pint (feat. Kendrick Lamar, Gucci Mane & Rae Sremmurd)",Ransom 2,2017-03-24,2017,FALSE,TRUE,TRUE,48,3A2OHirUAlQp2x73BJlEDA,240926,741,562,292,180.068,-5.474,165,172,0.0,751,4.015.433.333.333.330
Kendrick Lamar,BLOOD.,DAMN.,2017-04-14,2017,TRUE,TRUE,FALSE,61,1n4jwRVXdkK2U34nBDUKKT,118066,357,238,494,156.907,-16.78,265,142,859,0.55,19.677.666.666.666.600
Kendrick Lamar,DNA.,DAMN.,2017-04-14,2017,TRUE,TRUE,FALSE,78,6HZILIRieu8S0iqY8kIKhj,185946,638,523,422,139.913,-6.664,357,454,0.0,842,3.0991
Kendrick Lamar,YAH.,DAMN.,2017-04-14,2017,TRUE,TRUE,FALSE,65,4BHSjbYylfOH5WAGusDyni,160293,0.67,0.7,648,69.986,-7.893,196,576,5.34e-06,226,267.155
Kendrick Lamar,ELEMENT.,DAMN.,2017-04-14,2017,TRUE,TRUE,FALSE,69,1EaKU4dMbesXXd3BrLCtYG,208733,748,705,483,189.891,-4.547,485,204,0.0,246,34.788.833.333.333.300
Kendrick Lamar,FEEL.,DAMN.,2017-04-14,2017,TRUE,TRUE,FALSE,66,2LTlO3NuNVN70lp2ZbVswF,214826,746,798,553,109.968,-8.382,349,137,0.0,139,3.580.433.333.333.330
Kendrick Lamar,LOYALTY. FEAT. RIHANNA.,DAMN.,2017-04-14,2017,TRUE,TRUE,FALSE,75,6SwRhMLwNqEi6alNPVG00n,227360,658,535,419,110.684,-8.983,573,265,0.0,0.2,37.893.333.333.333.300
Kendrick Lamar,PRIDE.,DAMN.,2017-04-14,2017,TRUE,TRUE,FALSE,82,6IZvVAP7VPPnsGX6bvgkqg,275253,665,535,0.37,138.842,-7.056,572,786,1.68e-05,154,458.755
Kendrick Lamar,HUMBLE.,DAMN.,2017-04-14,2017,TRUE,TRUE,FALSE,83,7KXjTSCq5nL1LoYtL7XAwS,177000,908,621,421,150.011,-6.638,102,282,5.39e-05,958,2.95
Kendrick Lamar,LUST.,DAMN.,2017-04-14,2017,TRUE,TRUE,FALSE,63,06FCvd7rrRcF3DdvWH5Isp,307880,678,562,566,94.241,-9.197,508,193,0.0,104,5.131.333.333.333.330
Kendrick Lamar,LOVE. FEAT. ZACARI.,DAMN.,2017-04-14,2017,TRUE,TRUE,FALSE,80,6PGoSes0D9eUDeeAafB2As,213400,0.8,585,779,126.058,-7.343,924,264,0.0,153,35.566.666.666.666.600
Kendrick Lamar,XXX. FEAT. U2.,DAMN.,2017-04-14,2017,TRUE,TRUE,FALSE,69,4iYRa2btalAzPZoSYfROqF,254200,568,619,293,170.115,-6.899,414,138,1.67e-06,0.11,4.236.666.666.666.660
Kendrick Lamar,FEAR.,DAMN.,2017-04-14,2017,TRUE,TRUE,FALSE,65,23luOrEVHMfoX0AhfbQuS6,460573,588,479,434,150.414,-7.039,281,604,7.2e-06,527,7.676.216.666.666.660
Kendrick Lamar,GOD.,DAMN.,2017-04-14,2017,TRUE,TRUE,FALSE,60,5p3NP9mQblDsVJLdfNZJ3I,248826,706,557,205,132.98,-5.8,813,347,0.0,276,4.1471
Kendrick Lamar,DUCKWORTH.,DAMN.,2017-04-14,2017,TRUE,TRUE,FALSE,72,0y9uTzK9cNKSAEHnpeRG8C,248613,552,731,632,174.516,-6.873,615,536,0.0,258,414.355
SZA,Doves In The Wind (feat. Kendrick Lamar),Ctrl,2017-06-09,2017,FALSE,TRUE,TRUE,67,593W4qZOwwdqF6YnimJjL6,266080,693,713,615,137.335,-4.489,351,343,0.0,102,4.434.666.666.666.660
Vince Staples,Yeah Right (feat. Kendrick Lamar),Big Fish Theory,2017-06-23,2017,FALSE,TRUE,TRUE,0,5ZrDbBB4UhYMsPA3xRKOzV,188946,669,484,251,117.929,-9.026,121,154,0.0,489,3.1491
Future,Mask Off (feat. Kendrick Lamar) - Remix,FUTURE,2017-06-30,2017,FALSE,TRUE,TRUE,59,6dVZCbi9CYtD9LjAHXRjIG,258426,0.72,424,228,150.01,-11.964,387,122,126,453,4.3071
DJ Kay Slay,"Cold Summer (feat. Kendrick Lamar, Mac Miller, Kevin Gates & Rell) (feat. Kendrick Lamar, Mac Miller, Kevin Gates & Rell)","Cold Summer (feat. Kendrick Lamar, Mac Miller, Kevin Gates & Rell)",2017-08-29,2017,FALSE,TRUE,TRUE,19,4PsVJAD9nDnunErLsh1FoD,265349,507,872,433,82.824,-3.625,307,329,0.0,201,4.422.483.333.333.330
Rapsody,Power (feat. Kendrick Lamar),Laila’s Wisdom,2017-09-22,2017,FALSE,TRUE,TRUE,33,4DxaBl7XTThDb9zRZjIWOB,334786,441,854,597,81.309,-5.509,486,274,0.0,175,5.579.766.666.666.660
"Skrillex, Kendrick Lamar",HUMBLE. - SKRILLEX REMIX,HUMBLE. (SKRILLEX REMIX),2017-09-29,2017,FALSE,TRUE,FALSE,65,65ES1qwOB577ZnTkizMXJJ,156800,901,934,868,150.037,-2.345,273,794,7.68e-05,194,26.133.333.333.333.300
YG Hootie,The City (feat. Kendrick Lamar),The City (feat. Kendrick Lamar),2017-10-11,2017,FALSE,TRUE,TRUE,15,73jSeqBx0iEL7Hqtcp4UTY,207281,867,496,265,93.97,-11.415,0.45,225,0.0,305,34.546.833.333.333.300
U2,American Soul (feat. Kendrick Lamar),Songs Of Experience (Deluxe Edition),2017-12-01,2017,FALSE,FALSE,TRUE,34,6jfpkIQbqY5lraWp0Uo9aQ,261733,0.58,801,371,130.024,-7.854,577,367,2.16e-05,261,4.362.216.666.666.660
Jeezy,American Dream (feat. Kendrick Lamar),"American Dream (Feat. J. Cole, Kendrick Lamar)",2017-12-14,2017,FALSE,TRUE,TRUE,0,6zDxqK3JUFyLelnMGpYzOj,249040,639,845,615,76.973,-5.707,186,603,0.0,303,4.150.666.666.666.660
N.E.R.D,Kites (feat. Kendrick Lamar),NO ONE EVER REALLY DIES,2017-12-15,2017,FALSE,TRUE,TRUE,37,65UcBkHqJoIk33vfxqUzvm,290933,571,725,687,200.03,-6.809,397,104,0.0,856,4.848.883.333.333.330
N.E.R.D,Don't Don't Do It! (feat. Kendrick Lamar),NO ONE EVER REALLY DIES,2017-12-15,2017,FALSE,TRUE,TRUE,42,2svutFGaCycRmYc1mWbfQh,257706,799,871,811,77.013,-5.784,138,0.12,0.0,688,4.2951
Kendrick Lamar,Black Panther,Black Panther The Album Music From And Inspired By,2018-02-09,2018,TRUE,TRUE,FALSE,49,5qN4HFkapdAOV94XPryVof,130613,619,582,0.48,90.035,-9.454,297,625,3.84e-06,265,21.768.833.333.333.300
Kendrick Lamar,All The Stars (with SZA),Black Panther The Album Music From And Inspired By,2018-02-09,2018,TRUE,TRUE,FALSE,85,3GCdLUSnKSMJhs4Tj6CV3s,232186,695,633,557,96.782,-4.946,599,612,195,926,38.697.666.666.666.600
ScHoolboy Q,X (with 2 Chainz & Saudi),Black Panther The Album Music From And Inspired By,2018-02-09,2018,TRUE,TRUE,FALSE,59,4LmAnpjlhWTahvRkYR8xJa,267426,776,471,405,131.018,-8.406,253,203,0.0,268,4.4571
Khalid,The Ways (with Swae Lee),Black Panther The Album Music From And Inspired By,2018-02-09,2018,TRUE,TRUE,FALSE,57,5jyyPsIGM2yqkZN9R3TmvN,238893,727,719,589,140.08,-5.856,49,622,1.16e-06,229,398.155
Vince Staples,Opps (with Yugen Blakrok),Black Panther The Album Music From And Inspired By,2018-02-09,2018,TRUE,TRUE,FALSE,50,7bUcBztfGqO7cSI2gMZeCI,180893,706,775,848,127.929,-6.819,335,152,3.4e-05,416,3.014.883.333.333.330
Jorja Smith,I Am,Black Panther The Album Music From And Inspired By,2018-02-09,2018,TRUE,TRUE,FALSE,52,0DJBgBiYeSn6n1AXAkFVE8,208760,601,582,315,148.776,-5.725,264,143,9.78e-05,183,34.793.333.333.333.300
SOB X RBE,Paramedic!,Black Panther The Album Music From And Inspired By,2018-02-09,2018,TRUE,TRUE,FALSE,59,2tPcTFiQF9MbVUyjZ3zDhA,219306,856,653,471,97.017,-5.324,143,178,0.0,193,3.6551
Ab-Soul,Bloody Waters (with Anderson .Paak & James Blake),Black Panther The Album Music From And Inspired By,2018-02-09,2018,TRUE,TRUE,FALSE,48,4KXwFI9pgJLpUIAc9oSL8j,272306,507,606,202,180.593,-8.758,452,184,0.0,174,4.538.433.333.333.330
Jay Rock,"King's Dead (with Kendrick Lamar, Future & James Blake)",Black Panther The Album Music From And Inspired By,2018-02-09,2018,TRUE,TRUE,FALSE,57,1eLSF6HfrRA0AsNmTkUlKx,225266,566,724,408,81.772,-4.573,323,104,0.0,158,37.544.333.333.333.300
Zacari,Redemption Interlude,Black Panther The Album Music From And Inspired By,2018-02-09,2018,TRUE,TRUE,FALSE,43,4FpfU1O7WCLBnmwu5XAFk4,85266,0.55,449,222,121.164,-13.645,103,656,4.8e-05,866,1.4211
Zacari,Redemption (with Babes Wodumo),Black Panther The Album Music From And Inspired By,2018-02-09,2018,TRUE,TRUE,FALSE,48,76iVOVsliCHlWqKuDnCfhE,222093,778,764,642,125.062,-7.175,127,139,274,123,370.155
Mozzy,Seasons (with Sjava & Reason),Black Panther The Album Music From And Inspired By,2018-02-09,2018,TRUE,TRUE,FALSE,48,35cOyocq8Gb6UcT0NWeTwn,242293,628,556,0.32,126.698,-6.76,328,279,0.0,158,4.038.216.666.666.660
Kendrick Lamar,Big Shot (with Travis Scott),Black Panther The Album Music From And Inspired By,2018-02-09,2018,TRUE,TRUE,FALSE,58,5cXg9IQS34FzLVdHhp7hu7,221826,855,478,283,130.018,-9.116,193,759,0.0,101,3.6971
The Weeknd,Pray For Me (with Kendrick Lamar),Black Panther The Album Music From And Inspired By,2018-02-09,2018,TRUE,TRUE,FALSE,66,77UjLW8j5UAGAGVGhR5oUK,211440,735,677,187,100.563,-4.979,932,756,2.17e-05,111,3.524
Zacari,Redemption (with Babes Wodumo) (feat. Kendrick Lamar),Black Panther The Album Music From And Inspired By,2018-02-09,2018,FALSE,TRUE,TRUE,48,76iVOVsliCHlWqKuDnCfhE,222093,778,764,642,125.062,-7.175,127,139,274,123,370.155
SOB X RBE,Paramedic! (feat. Kendrick Lamar),Black Panther The Album Music From And Inspired By,2018-02-09,2018,FALSE,TRUE,TRUE,59,2tPcTFiQF9MbVUyjZ3zDhA,219306,856,653,471,97.017,-5.324,143,178,0.0,193,3.6551
Jorja Smith,I Am (feat. Kendrick Lamar),Black Panther The Album Music From And Inspired By,2018-02-09,2018,FALSE,TRUE,TRUE,52,0DJBgBiYeSn6n1AXAkFVE8,208760,601,582,315,148.776,-5.725,264,143,9.78e-05,183,34.793.333.333.333.300
Vince Staples,Opps (with Yugen Blakrok) (feat. Kendrick Lamar),Black Panther The Album Music From And Inspired By,2018-02-09,2018,FALSE,TRUE,TRUE,50,7bUcBztfGqO7cSI2gMZeCI,180893,706,775,848,127.929,-6.819,335,152,3.4e-05,416,3.014.883.333.333.330
ScHoolboy Q,X (with 2 Chainz & Saudi) (feat. Kendrick Lamar),Black Panther The Album Music From And Inspired By,2018-02-09,2018,FALSE,TRUE,TRUE,59,4LmAnpjlhWTahvRkYR8xJa,267426,776,471,405,131.018,-8.406,253,203,0.0,268,4.4571
Cozz,Hustla’s Story (feat. Kendrick Lamar),Effected,2018-02-13,2018,FALSE,TRUE,TRUE,37,4J56uEZtgVjuTi27Rvclag,268371,664,834,385,140.116,-3.461,838,236,0.0,744,447.285
Nipsey Hussle,Dedication (feat. Kendrick Lamar),Victory Lap,2018-02-16,2018,FALSE,TRUE,TRUE,53,6fIjnWrv46njJHLDAY2JdC,245813,512,734,168,93.995,-5.448,438,431,0.0,226,4.096.883.333.333.330
Rich The Kid,New Freezer (feat. Kendrick Lamar),The World Is Yours,2018-03-30,2018,FALSE,TRUE,TRUE,58,2EgB4n6XyBsuNUbuarr4eG,191937,885,698,577,140.07,-9.101,364,399,0.0,195,319.895
Jay Rock,Wow Freestyle (feat. Kendrick Lamar),Redemption,2018-06-15,2018,FALSE,TRUE,TRUE,0,12rbR0qoFJQ7rRGzgXrzHy,175213,782,633,749,150.055,-4.644,341,355,0.0,615,29.202.166.666.666.600
Jay Rock,WIN (feat. Kendrick Lamar),Redemption,2018-06-15,2018,FALSE,TRUE,TRUE,57,69WMdZSqdQwFgLVpbMsZ2J,215226,879,595,355,125.994,-2.936,889,152,0.0,391,3.5871
Maroon 5,Don't Wanna Know (feat. Kendrick Lamar),Red Pill Blues (Deluxe),2018-06-15,2018,FALSE,FALSE,TRUE,60,1nueTG77MzNkJTKQ0ZdGzT,214265,783,611,418,100.049,-6.124,695,343,0.0,983,3.571.083.333.333.330
Lil Wayne,Mona Lisa (feat. Kendrick Lamar),Tha Carter V,2018-09-28,2018,FALSE,TRUE,TRUE,66,0dbTQYW3Ad1FTzIA9t90E8,324189,856,694,489,122.08,-4.393,169,371,0.0,109,540.315
Travis Scott,Goosebumps (feat. Kendrick Lamar),The Hate U Give (Original Motion Picture Soundtrack),2018-10-12,2018,FALSE,TRUE,TRUE,58,6dWf1xaHOmJo7eL9WuSkdL,243840,849,629,467,130.103,-6.27,475,795,0.0,0.13,4.064
Mike WiLL Made-It,The Mantra (feat. Pharrell & Kendrick Lamar),Creed II: The Album,2018-11-14,2018,FALSE,TRUE,TRUE,35,7mVHy2E0yV3oTnV0OR5uMf,252384,703,706,0.43,154.985,-3.797,109,268,0.0,171,4.2064
Anderson .Paak,Tints (feat. Kendrick Lamar),Oxnard,2018-11-16,2018,FALSE,TRUE,TRUE,55,7c3SbTuufigBWURcICnAWy,268400,805,833,703,109.076,-6.73,0.12,859,0.0,578,4.473.333.333.333.330
2 Chainz,Momma I Hit A Lick (feat. Kendrick Lamar),Rap Or Go To The League,2019-03-01,2019,FALSE,TRUE,TRUE,45,7jKUnzzOGhAlPjr7LkIUlE,173760,796,467,399,179.974,-6.293,0.34,202,3.58e-05,206,2.896
Dreamville,Under The Sun (with J. Cole & Lute feat. DaBaby) (feat. Kendrick Lamar),Revenge Of The Dreamers III,2019-07-05,2019,FALSE,TRUE,TRUE,69,6MF4tRr5lU8qok8IKaFOBE,202040,691,0.64,163,138.672,-6.441,369,511,0.0,409,33.673.333.333.333.300
Beyoncé,NILE (feat. Kendrick Lamar),The Lion King: The Gift,2019-07-19,2019,FALSE,FALSE,TRUE,45,0lboDHM9hSR5j5CFlWDR9k,107204,484,457,342,83.493,-9.458,204,738,0.0,536,17.867.333.333.333.300
Black Hippy,UOENO (feat. Kendrick Lamar),Uoeno,2019-07-22,2019,FALSE,TRUE,TRUE,48,4wuqlQXpPpEVRhCCyvoe1u,342285,799,547,596,124.584,-7.728,333,516,0.0,662,570.475
Lotus,Mirrors (Thuggin) (feat. Kendrick Lamar),Mirrors (Thuggin),2019-08-16,2019,FALSE,FALSE,TRUE,18,3McqlOuQytkdtaMYAicbW5,200000,772,704,575,119.999,-7.324,604,512,9.03e-06,147,33.333.333.333.333.300
Raphael Saadiq,Rearview (feat. Kendrick Lamar),Jimmy Lee,2019-08-23,2019,FALSE,FALSE,TRUE,11,58W1CiMU6C31p5RTeUyyjN,148373,738,701,271,93.055,-7.164,415,54,127,133,24.728.833.333.333.300
SiR,Hair Down (feat. Kendrick Lamar),Chasing Summer,2019-08-30,2019,FALSE,TRUE,TRUE,1,4sFzG7iUlyPmuyASCkre9A,216933,793,489,0.47,120.097,-10.984,284,0.25,101,432,361.555
REASON,Show Stop (feat. Kendrick Lamar),New Beginnings,2020-10-09,2020,FALSE,TRUE,TRUE,43,4o7sl87Ock4SGA8b3gRR2l,179233,751,725,544,129.977,-4.495,397,755,102,0.12,2.987.216.666.666.660
Busta Rhymes,Look Over Your Shoulder (feat. Kendrick Lamar),Look Over Your Shoulder (feat. Kendrick Lamar),2020-10-29,2020,FALSE,TRUE,TRUE,0,5aULAy3NUfelCYKub4mOS9,248810,0.6,887,681,77.896,-4.345,311,438,0.0,0.68,4.146.833.333.333.330
Cookin Soul,KDOT FREES (feat. Kendrick Lamar),"Whateva, Vol. 4",2020-12-14,2020,FALSE,TRUE,TRUE,19,05zwCq9PsWpbDNLBKwQvY6,125581,725,924,574,172.221,-5.049,0.3,678,3.96e-06,848,20.930.166.666.666.600
The Weeknd,Pray For Me (feat. Kendrick Lamar),The Highlights,2021-02-05,2021,FALSE,TRUE,TRUE,75,6huNf4dutXRjJyGn7f5BPS,211420,732,678,196,100.626,-4.977,886,867,2.41e-05,112,35.236.666.666.666.600
Baby Keem,family ties (feat. Kendrick Lamar),The Melodic Blue,2021-08-27,2021,FALSE,TRUE,TRUE,66,7Bpx2vsWfQFBACRz4h3IqH,252069,711,611,144,134.14,-5.453,329,575,0.0,231,420.115
Baby Keem,vent (feat. Kendrick Lamar),The Melodic Blue,2021-09-10,2021,FALSE,TRUE,TRUE,64,1ITpqT1kDATCtMBwOK7sYn,136572,896,377,255,113.886,-5.502,935,123,1.43e-06,115,2.2762
Baby Keem,range brothers (feat. Kendrick Lamar),The Melodic Blue,2021-09-10,2021,FALSE,TRUE,TRUE,58,0UTyLmkQgPOEIz95OVAJTR,316733,667,582,141,121.972,-5.791,267,466,0.0,124,5.278.883.333.333.330
Terrace Martin,"Drones (feat. Kendrick Lamar, Snoop Dogg, Ty Dolla $ign & James Fauntleroy)",DRONES,2021-11-05,2021,FALSE,TRUE,TRUE,0,3zdsJOO5FIAgukJUMgboV8,265357,758,619,597,100.916,-4.238,108,366,0.0,448,4.422.616.666.666.660
XV,Textbook Stuff (feat. Kendrick Lamar),Zero Heroes,2022-04-15,2022,FALSE,TRUE,TRUE,0,1jVarrWzkKnfQVI67E7WTT,247428,531,855,253,173.872,-7.635,342,635,0.0,122,4.1238
Kendrick Lamar,United In Grief,Mr. Morale & The Big Steppers,2022-05-13,2022,TRUE,TRUE,FALSE,73,5Gt9bxniM1SxN61yRzRhXL,255377,529,845,331,85.63,-8.142,404,244,0.0,143,4.256.283.333.333.330
Kendrick Lamar,N95,Mr. Morale & The Big Steppers,2022-05-13,2022,TRUE,TRUE,FALSE,75,0fX4oNGBWO3dSGUZcVdVV2,195950,0.79,0.67,408,139.956,-5.527,105,377,2.32e-06,119,3.265.833.333.333.330
Kendrick Lamar,Worldwide Steppers,Mr. Morale & The Big Steppers,2022-05-13,2022,TRUE,TRUE,FALSE,59,66mVPWmFvXPFf8pjK5ttOW,203367,514,472,557,77.215,-11.106,368,753,12,746,338.945
Kendrick Lamar,Die Hard,Mr. Morale & The Big Steppers,2022-05-13,2022,TRUE,TRUE,FALSE,72,2g6tReTlM2Akp41g0HaeXN,239026,775,736,362,100.988,-8.072,247,319,116,127,39.837.666.666.666.600
Kendrick Lamar,Father Time (feat. Sampha),Mr. Morale & The Big Steppers,2022-05-13,2022,TRUE,TRUE,FALSE,69,28qA8y1sz0FTuSapsCxNOG,222497,514,779,517,152.869,-4.365,344,181,0.0,99,3.708.283.333.333.330
Kendrick Lamar,Rich - Interlude,Mr. Morale & The Big Steppers,2022-05-13,2022,TRUE,TRUE,FALSE,56,15pyFQHCTVp6T7vaWctSgO,103319,481,406,741,91.589,-11.52,775,864,315,869,17.219.833.333.333.300
Kendrick Lamar,Rich Spirit,Mr. Morale & The Big Steppers,2022-05-13,2022,TRUE,TRUE,FALSE,73,1QPreu0BNOrUfEb8HTd2qG,202285,852,421,457,95.977,-9.153,208,428,2.28e-06,106,33.714.166.666.666.600
Kendrick Lamar,We Cry Together,Mr. Morale & The Big Steppers,2022-05-13,2022,TRUE,TRUE,FALSE,61,67XC51nlZncNpHmZ8rOU9a,341307,648,0.68,504,106.89,-7.276,345,292,0.0,808,568.845
Kendrick Lamar,Purple Hearts,Mr. Morale & The Big Steppers,2022-05-13,2022,TRUE,TRUE,FALSE,62,1REVvAphiSTJyKQ1fDpHa4,329295,567,824,737,138.202,-6.973,296,167,2.65e-06,149,548.825
Kendrick Lamar,Count Me Out,Mr. Morale & The Big Steppers,2022-05-13,2022,TRUE,TRUE,FALSE,74,6BU1RZexmvJcBjgagVVt3M,283642,776,431,495,133.999,-7.544,91,671,0.0,153,4.727.366.666.666.660
Kendrick Lamar,Crown,Mr. Morale & The Big Steppers,2022-05-13,2022,TRUE,TRUE,FALSE,58,4zMxWSP2qZUy5CBCH5PdzZ,264299,355,245,162,173.329,-13.475,358,801,9.11e-05,112,4.404.983.333.333.330
Kendrick Lamar,Silent Hill,Mr. Morale & The Big Steppers,2022-05-13,2022,TRUE,TRUE,FALSE,66,3lzUeaCbcCDB5IXYfqWRlF,220779,907,577,801,140.07,-6.737,767,438,3.19e-05,137,367.965
Kendrick Lamar,Savior - Interlude,Mr. Morale & The Big Steppers,2022-05-13,2022,TRUE,TRUE,FALSE,56,5G4uLkFKdEZLcuNyeomQmE,152985,618,0.43,826,117.125,-9.38,216,807,0.0,189,254.975
Kendrick Lamar,Savior,Mr. Morale & The Big Steppers,2022-05-13,2022,TRUE,TRUE,FALSE,64,3drdWsJKiVCSQ2gKhd9BDT,224466,605,692,685,124.84,-7.45,446,495,0.0,303,3.7411
Kendrick Lamar,Auntie Diaries,Mr. Morale & The Big Steppers,2022-05-13,2022,TRUE,TRUE,FALSE,56,1uY1X8YeBixs1FdQ3fQ7d4,281069,0.52,375,589,127.544,-13.409,358,745,122,429,46.844.833.333.333.300
Kendrick Lamar,Mr. Morale,Mr. Morale & The Big Steppers,2022-05-13,2022,TRUE,TRUE,FALSE,62,6CmpZfKUQ2KerzBFZ3QKFr,210841,727,0.53,258,174.025,-8.616,312,283,2.76e-05,392,35.140.166.666.666.600
Kendrick Lamar,Mother I Sober (feat. Beth Gibbons of Portishead),Mr. Morale & The Big Steppers,2022-05-13,2022,TRUE,TRUE,FALSE,57,346SJSEbB6pNZMpwovxDiu,406528,492,369,491,140.012,-14.861,329,0.87,2.85e-05,0.11,67.754.666.666.666.600
Kendrick Lamar,Mirror,Mr. Morale & The Big Steppers,2022-05-13,2022,TRUE,TRUE,FALSE,62,5xoYormSTltk6F9SlQV6mm,256006,652,0.67,274,91.933,-8.766,639,225,1.4e-05,804,4.266.766.666.666.660
Kendrick Lamar,The Heart Part 5,Mr. Morale & The Big Steppers,2022-05-13,2022,TRUE,TRUE,FALSE,59,5qbhVL3vB7HwWvb0042B7y,332228,0.7,812,801,97.405,-8.128,297,183,0.0,756,5.537.133.333.333.330
Beyoncé,AMERICA HAS A PROBLEM (feat. Kendrick Lamar),AMERICA HAS A PROBLEM (feat. Kendrick Lamar),2023-05-19,2023,FALSE,TRUE,TRUE,62,6l8mgVN9Xf1hiDIFGA6CTE,260962,784,0.7,204,126.015,-5.289,396,112,1.76e-05,163,4.349.366.666.666.660
Baby Keem,The Hillbillies (feat. Kendrick Lamar),The Hillbillies,2023-06-05,2023,FALSE,TRUE,TRUE,63,1h6w4POXM2LfG4ZD4xUfZQ,204800,798,618,209,150.031,-5.932,192,176,0.0,0.12,34.133.333.333.333.300
Taylor Swift,Bad Blood (feat. Kendrick Lamar) (Taylor's Version),1989 (Taylor's Version) [Deluxe],2023-10-27,2023,FALSE,FALSE,TRUE,70,6qAcApH8obo8eqatCKUHd9,199773,604,644,197,170.088,-6.931,889,143,0.0,237,332.955
YG Hootie,Kali Love (feat. Kendrick Lamar),Bompton King,2023-12-13,2023,FALSE,TRUE,TRUE,31,0D3Myb8AY4siH5migv1lDg,195623,842,548,0.68,94.008,-13.688,575,201,1.13e-05,329,32.603.833.333.333.300
Future,Like That (feat. Kendrick Lamar),WE DON'T TRUST YOU,2024-03-22,2024,FALSE,TRUE,TRUE,83,2tudvzsrR56uom6smgOcSf,267706,814,676,312,162.012,-4.67,231,709,1.28e-05,119,4.461.766.666.666.660
Kendrick Lamar,euphoria,euphoria,2024-04-30,2024,FALSE,TRUE,FALSE,78,77DRzu7ERs0TX3roZcre7Q,383639,831,643,142,139.948,-5.002,0.11,46,0.0,84,6.393.983.333.333.330
Kendrick Lamar,meet the grahams,meet the grahams,2024-05-03,2024,FALSE,TRUE,FALSE,71,4S8PxReB1UiDR2F5x1lyIR,392138,479,802,602,74.98,-6.252,309,0.55,45,0.11,6.535.633.333.333.330
Kendrick Lamar,Not Like Us,Not Like Us,2024-05-04,2024,FALSE,TRUE,FALSE,88,6AI3ezQ4o3HUoP6Dhudph3,274192,898,472,214,101.061,-7.001,776,107,0.0,141,4.569.866.666.666.660
Kendrick Lamar,wacced out murals,GNX,2024-11-22,2024,TRUE,TRUE,FALSE,81,5gOfC9UzZQzTyShqPMrpjT,317092,761,501,502,81.998,-10.759,459,249,0.0,136,5.284.866.666.666.660
Kendrick Lamar,squabble up,GNX,2024-11-22,2024,TRUE,TRUE,FALSE,81,0nj9Bq5sHDiTxSHunhgkFb,157992,874,672,711,103.921,-5.568,198,206,0.0,783,2.6332
Kendrick Lamar,luther (with sza),GNX,2024-11-22,2024,TRUE,FALSE,FALSE,81,45J4avUb9Ni0bnETYaYFVJ,177598,707,575,576,138.008,-7.546,125,251,0.0,248,2.959.966.666.666.660
Kendrick Lamar,man at the garden,GNX,2024-11-22,2024,TRUE,TRUE,FALSE,79,5ho7VSXSmI2KM2nDjcnLyz,233173,817,348,634,91.997,-10.213,0.29,0.51,119,0.11,3.886.216.666.666.660
Kendrick Lamar,hey now (feat. dody6),GNX,2024-11-22,2024,TRUE,TRUE,FALSE,79,5S8VwnB4sLi6W0lYTWYylu,217478,806,358,188,102.011,-8.769,117,443,162,412,3.624.633.333.333.330
Kendrick Lamar,reincarnated,GNX,2024-11-22,2024,TRUE,TRUE,FALSE,79,0RgjEkSbeuStKfT2Pa4Zai,275740,846,779,748,91.118,-5.363,254,534,0.0,299,4.595.666.666.666.660
Kendrick Lamar,tv off (feat. lefty gunplay),GNX,2024-11-22,2024,TRUE,TRUE,FALSE,80,0aB0v4027ukVziUGwVGYpG,220690,855,529,548,100.036,-6.679,263,837,0.0,423,3.678.166.666.666.660
Kendrick Lamar,"dodger blue (feat. wallie the sensei, siete7x, roddy ricch))",GNX,2024-11-22,2024,TRUE,TRUE,FALSE,77,4K1Pg0FLno1ltzX3jeqT83,131240,796,536,662,83.492,-7.93,109,552,0.0,112,2.187.333.333.333.330
Kendrick Lamar,peekaboo (feat. azchike),GNX,2024-11-22,2024,TRUE,TRUE,FALSE,77,2Uts1QFB4u2YNIMiqcb4de,155917,889,298,314,100.042,-9.086,182,306,1.26e-05,173,25.986.166.666.666.600
Kendrick Lamar,heart pt. 6,GNX,2024-11-22,2024,TRUE,TRUE,FALSE,77,1SGvjfc85yzqKXsfKcCxn2,292461,704,647,585,80.998,-7.664,325,0.27,0.0,109,487.435
Kendrick Lamar,"gnx (feat. hitta j3, youngthreat, peysoh)",GNX,2024-11-22,2024,TRUE,TRUE,FALSE,76,3aZptNYC6Z1YoumeqZcDcQ,193539,0.75,556,736,179.911,-7.275,436,134,0.0,107,322.565
Kendrick Lamar,gloria (with sza),GNX,2024-11-22,2024,TRUE,TRUE,FALSE,76,0wgOhYnqZKjOHr6bmdz0aN,287522,719,555,413,140.07,-9.785,0.27,0.22,0.0,127,4.792.033.333.333.330